Название книги,Автор,Издательство,Цена со скидкой,Цена без скидки,Процент скидки,Наличие на складе
,
Dictionary of Symbols,Gheerbrant Alain � ��.,Penguin,2222,3419,35,�� ������

��������-������� ������-��������� �������,��������� ���������� �������������,"���:
            ��������� ���������� ��������: ������",265,340,22,�� ������

The Penguin Dictionary of Art and Artists,"Murray Peter, Murray Linda",Penguin,1708,2847,40,�� ������

The Penguin Dictionary of Critical Theory,Macey David,Penguin,1252,2086,40,�� ������

The Penguin Dictionary of International Relations,"Evans Graham, Newnham Richard",Penguin,1851,2847,35,����������

The Quickway Crossword Dictionary,,Penguin,2097,3226,35,�� ������

The Penguin Dictionary of Philosophy,,Penguin,1460,2086,30,����������

The Penguin Dictionary of Mathematics,Nelson David,Penguin,1480,2467,40,�� ������

The Penguin French Phrasebook,Norman Jill � ��.,Penguin,988,1520,35,�� ������

The Penguin Dictionary of Economics,"Bannock Graham, Baxter Ronald Eric",Penguin,1594,2277,30,����������

"������-����������, �����-������� �������",�������� ������ ������������ � ��.,��������:,290,414,30,����������
,
English Visual Dictionary,,"Collins:
            Collins Dictionaries",1739,2484,30,�� ������

������������ �������� ����,,"���-�����:
            ��������������� �������",4883,��� ������ ����,��� ������,�� ������

Spanish Dictionary and Grammar,,"Collins:
            Collins Dictionaries",1108,1847,40,����������

����������� ������� ����������� ����,������ ������ ��������,"���-�����:
            ���������� ������� �������� �����",1776,��� ������ ����,��� ������,�� ������

��������������� ������� �������� �����,������� ���������� ���������� � ��.,"���-�����:
            ���������� ������� �������� �����",3699,��� ������ ����,��� ������,�� ������

�������-�������� ������� �������� � ���������,����� �������� �����,"���-�����:
            ���������� ������� �������� �����",2368,��� ������ ����,��� ������,�� ������

The Penguin Dictionary of Architecture & Landscape,Honour Hugh � ��.,Penguin,1993,2847,30,�� ������

�������������� ������� ��������������� �������-����������,��������� ����� ��������� � ��.,"���-�����:
            ���������� ������� �������� �����",2072,��� ������ ����,��� ������,�� ������

������� �������� �������� �����,���������� ����� ����������,"���-�����:
            ���������� ������� �������� �����",2812,��� ������ ����,��� ������,�� ������

������� ��������������� �������. ����� 200 000 ����,������� ����� ���������� � ��.,"���-�����:
            ��������������� �������",3847,��� ������ ����,��� ������,�� ������

������� ���������������� ������� �������� �����,����� �������� ����������,"���-�����:
            ��������������� �������",3404,��� ������ ����,��� ������,�� ������

��������������-������� �������. ��� 1. ����� 1,��������� ����� ���������,"RUGRAM:
            �� �����",2616,3354,22,�� ������

��������������-������� �������. ��� 1. ����� 2,��������� ����� ���������,"RUGRAM:
            �� �����",3366,4315,22,�� ������

������-�����-��������� ������� �������,�������� �������� ���������,� ��������� �����,5443,7776,30,�� ������

������� ����� ������� ������ �� ����. ��� IX. ����� 2. �� - ������,,"�� ���:
            Studia philologica",3923,5029,22,����������

������� �����-������-��������� ����������������� �������,��������� ������� ������� � ��.,������-�����,2196,3992,45,�� ������

�������-���������-������� �������. � 2-� ������. ����� 1,,"RUGRAM:
            �� �����",3327,4265,22,���������. �������

������-������� �������,,"RUGRAM:
            �� �����",5173,6632,22,���������. �������

�������������� ������� ������� ���������,���������� ������ ����������,������ �����,1938,��� ������ ����,��� ������,�� ������

������� ��������������� ������� �������� �����. ����� 106 000 ����,,"��� � �����������:
            ����� �������",2035,2907,30,�� ������

������� ������������� ������� �������� �����. �������� � 2-� �����,��������� ������� ������������ � ��.,"���-�����:
            ��������������� �������",5757,��� ������ ����,��� ������,�� ������

����������� ������� � ��������� � ���������� �����. �������� �������,"�������� ����� �����������, ������������� �������� ��������",��������,1136,1623,30,�� ������

�����-������� �������� �������,�������� ����� ���������,��������-�����,259,370,30,����������

������� ��������� �������� �����. ������������ ����������. ����� 11 000 �������������� �����,������������ ������� ����������,"��� � �����������:
            ����� �������",2035,2907,30,�� ������

�������������� ������� �������� �����	,�������� ������ �����������,"���-�����:
            ��������������� �������",3094,��� ������ ����,��� ������,�� ������

������� ����������� ������� ������������ XVII-XVIII ��. ��� 3. �-�,������� ��������� ��������,��������,1452,2074,30,�� ������

"������� ��������, ������� � ��������� �������� �����",��������� ���� ����������,"��� � �����������:
            ����� �������",1670,2385,30,�� ������

����������� ����������-������� ������-����������� �������. ����� 150 000 ���� � ���������,�������� ����� ������������,"���:
            ����� ����������� �������",421,540,22,�� ������

"����������� ����. 4-�-1. ����������, �����������, ����������-������� �������, ������-����������� ��.",,"���:
            4 ����� � �����",349,447,22,�� ������

������������� ��������� �������. ������ 22. ���-�����,,�����,1263,1804,30,����������

�����-������� �������� ������� �� �������������� ���������� � �������������,"��������� ������ ����������, ��������� ������ ���������","�����:
            ������. ��� ��� �������� � ������",1303,1670,22,�� ������

������� ����������� ������� ������������ XVII-XVIII ��. ��� 2 (�-�),������� ��������� ��������,��������,1633,2333,30,�� ������

������� �������� ������� ���������� ������� ����. ����� 8 000 ���� � ���������,�������� ��� ��������,"��� � �����������:
            ����� �������",2608,3726,30,�� ������

��������� ������� ������� �������� �����,��������� ���� ����������,"��� � �����������:
            ����� �������",1774,2534,30,�� ������

�������� ���. ����������������� �������-���������� � ������������ ����������� ����������,������� ������ ���������� � ��.,��������,1394,1991,30,����������

������-��������� �����������,����� �.,"�8:
            �������� ���������",��� ������ ������,��� ������ ����,��� ������,�����������

�������������� �������� �����. ������-���������� �������,"������ ��������� ������������, ������ �������� ����������",�����-���������,1474,2106,30,�� ������

������� ����������� ���� �������� �����,������� ��������� ����������,"��� � �����������:
            ����� �������",2035,2907,30,�� ������

������� �������� ��������������� ������� ����������-�������������� ����������,������� ������� ����������� � ��.,���������� ������,1441,2058,30,�� ������

�����-������� ������������ �������. ������� �������,������ �������� ������������,������-�����,778,1112,30,����������

�����-������� ������������ �������. ������-������������ ������� ��� �����,�������� �����,"����:
            ����������� �����",1770,2528,30,����������

�����-������� ������������ �������. ������-������������ ������� ��� ���,�������� �����,"����:
            ����������� �����",1837,2624,30,�� ������

"�������� ������� �������� �����. ����� 100 000 ����, �������� � ���������������� ���������",������ ������ ��������,��� � �����������,856,1223,30,�� ������

������� ��������� �������� �����,"������� ������ ��������, ������� ����� ���������","��� � �����������:
            ����� �������",1409,2013,30,�� ������

������� ����������� ������� ������������ XVII-XVIII ��. ��� 1 (�-�),������� ��������� ��������,��������,1633,2333,30,�� ������

�������� ������� ��������� � ��������� �������� �����,,�������� ����:,334,477,30,�� ������

������������ ���������� �� �������� �����,��������� ������ ���������,"��� � �����������:
            ����� �������",1931,2758,30,�� ������

3 ����� � �����. ��������������� �������. �������� �������. �������� ������� ������� ����������,��������� ���� ������������,"���:
            3 ������� � �����",319,409,22,�� ������

������ �����-������� �������,������� ������� ���������,�����-���������,3440,4914,30,�� ������

